{
	"credit": "Made with Blockbench",
	"texture_size": [128, 128],
	"textures": {
		"0": "block/wheel",
		"1": "block/body",
		"particle": "block/wheel"
	},
	"elements": [
		{
			"from": [12, -1, -1],
			"to": [19, 6, 0],
			"faces": {
				"north": {"uv": [0, 0, 3.5, 3.5], "texture": "#0"},
				"east": {"uv": [7, 7, 7.5, 10.5], "texture": "#0"},
				"south": {"uv": [0, 3.5, 3.5, 7], "texture": "#0"},
				"west": {"uv": [7.5, 7, 8, 10.5], "texture": "#0"},
				"up": {"uv": [11.5, 7.5, 8, 7], "texture": "#0"},
				"down": {"uv": [11.5, 7.5, 8, 8], "texture": "#0"}
			}
		},
		{
			"from": [-6, -1, -1],
			"to": [1, 6, 0],
			"faces": {
				"north": {"uv": [3.5, 0, 7, 3.5], "texture": "#0"},
				"east": {"uv": [8, 8, 8.5, 11.5], "texture": "#0"},
				"south": {"uv": [3.5, 3.5, 7, 7], "texture": "#0"},
				"west": {"uv": [8.5, 8, 9, 11.5], "texture": "#0"},
				"up": {"uv": [12.5, 8.5, 9, 8], "texture": "#0"},
				"down": {"uv": [12.5, 8.5, 9, 9], "texture": "#0"}
			}
		},
		{
			"from": [-6, -1, 16],
			"to": [1, 6, 17],
			"faces": {
				"north": {"uv": [0, 7, 3.5, 10.5], "texture": "#0"},
				"east": {"uv": [9, 9, 9.5, 12.5], "texture": "#0"},
				"south": {"uv": [7, 0, 10.5, 3.5], "texture": "#0"},
				"west": {"uv": [9.5, 9, 10, 12.5], "texture": "#0"},
				"up": {"uv": [13.5, 9.5, 10, 9], "texture": "#0"},
				"down": {"uv": [13.5, 9.5, 10, 10], "texture": "#0"}
			}
		},
		{
			"from": [12, -1, 16],
			"to": [19, 6, 17],
			"faces": {
				"north": {"uv": [3.5, 7, 7, 10.5], "texture": "#0"},
				"east": {"uv": [10, 10, 10.5, 13.5], "texture": "#0"},
				"south": {"uv": [7, 3.5, 10.5, 7], "texture": "#0"},
				"west": {"uv": [0, 10.5, 0.5, 14], "texture": "#0"},
				"up": {"uv": [14, 0.5, 10.5, 0], "texture": "#0"},
				"down": {"uv": [4, 10.5, 0.5, 11], "texture": "#0"}
			}
		},
		{
			"from": [-13, 2, 0],
			"to": [27, 11, 16],
			"faces": {
				"north": {"uv": [0, 8, 5, 9.125], "texture": "#1"},
				"east": {"uv": [0, 9.125, 2, 10.25], "texture": "#1"},
				"south": {"uv": [5, 8, 10, 9.125], "texture": "#1"},
				"west": {"uv": [2, 9.125, 4, 10.25], "texture": "#1"},
				"up": {"uv": [5, 2, 0, 0], "texture": "#1"},
				"down": {"uv": [5, 2, 0, 4], "texture": "#1"}
			}
		},
		{
			"from": [-13, 11, 0],
			"to": [25, 13, 16],
			"faces": {
				"north": {"uv": [8.5, 7.75, 13.25, 8], "texture": "#1"},
				"east": {"uv": [9.5, 0.25, 11.5, 0.5], "texture": "#1"},
				"south": {"uv": [8, 9.125, 12.75, 9.375], "texture": "#1"},
				"west": {"uv": [9.5, 0.5, 11.5, 0.75], "texture": "#1"},
				"up": {"uv": [4.75, 6, 0, 4], "texture": "#1"},
				"down": {"uv": [9.5, 4, 4.75, 6], "texture": "#1"}
			}
		},
		{
			"from": [-13, 13, 0],
			"to": [23, 20, 16],
			"faces": {
				"north": {"uv": [8.5, 6, 13, 6.875], "texture": "#1"},
				"east": {"uv": [4, 9.125, 6, 10], "texture": "#1"},
				"south": {"uv": [8.5, 6.875, 13, 7.75], "texture": "#1"},
				"west": {"uv": [6, 9.125, 8, 10], "texture": "#1"},
				"up": {"uv": [9.5, 2, 5, 0], "texture": "#1"},
				"down": {"uv": [9.5, 2, 5, 4], "texture": "#1"}
			}
		},
		{
			"from": [-13, 20, 0],
			"to": [21, 22, 16],
			"faces": {
				"north": {"uv": [8, 9.375, 12.25, 9.625], "texture": "#1"},
				"east": {"uv": [9.5, 0.75, 11.5, 1], "texture": "#1"},
				"south": {"uv": [9.5, 0, 13.75, 0.25], "texture": "#1"},
				"west": {"uv": [9.5, 1, 11.5, 1.25], "texture": "#1"},
				"up": {"uv": [4.25, 8, 0, 6], "texture": "#1"},
				"down": {"uv": [8.5, 6, 4.25, 8], "texture": "#1"}
			}
		},
		{
			"from": [22, 12, 16],
			"to": [23, 16, 18],
			"faces": {
				"north": {"uv": [9.5, 3.25, 9.625, 3.75], "texture": "#1"},
				"east": {"uv": [9.5, 1.25, 9.75, 1.75], "texture": "#1"},
				"south": {"uv": [9.5, 3.75, 9.625, 4.25], "texture": "#1"},
				"west": {"uv": [9.5, 1.75, 9.75, 2.25], "texture": "#1"},
				"up": {"uv": [9.625, 5.5, 9.5, 5.25], "texture": "#1"},
				"down": {"uv": [9.625, 5.5, 9.5, 5.75], "texture": "#1"}
			}
		},
		{
			"from": [22, 12, -2],
			"to": [23, 16, 0],
			"faces": {
				"north": {"uv": [9.5, 4.25, 9.625, 4.75], "texture": "#1"},
				"east": {"uv": [9.5, 2.25, 9.75, 2.75], "texture": "#1"},
				"south": {"uv": [9.5, 4.75, 9.625, 5.25], "texture": "#1"},
				"west": {"uv": [9.5, 2.75, 9.75, 3.25], "texture": "#1"},
				"up": {"uv": [9.625, 6, 9.5, 5.75], "texture": "#1"},
				"down": {"uv": [9.75, 3.25, 9.625, 3.5], "texture": "#1"}
			}
		}
	],
	"display": {
		"thirdperson_lefthand": {
			"rotation": [90, -90, 0],
			"translation": [-6.75, 0, -3],
			"scale": [2, 2, 2]
		},
		"firstperson_righthand": {
			"translation": [-8.75, 2.25, -23.25]
		},
		"firstperson_lefthand": {
			"translation": [-8.75, 2.25, -23.25]
		}
	},
	"groups": [
		{
			"name": "wheel",
			"origin": [0, 0, 0],
			"color": 9,
			"children": [0, 1, 2, 3]
		},
		{
			"name": "body",
			"origin": [0, 0, 0],
			"color": 8,
			"children": [4, 5, 6, 7, 8, 9]
		}
	]
}